,TowerID,Icon,TowerName,WeaponID,Heath,BehaviourTree,Height,AttackRange,AggroValue,TeamID,CurrentLevel,CurrentMaxLevel,NextTowerID
0000,0000,None,Empty,0000,1000,4,100,0,0,0,0,0,None
0001,0001,None,豌豆射手I,0001,1000,1,100,1000,0,3,1,3,0002
0002,0002,None,豌豆射手II,0002,1000,1,100,1500,0,3,2,3,0003
0003,0003,None,豌豆射手II,0003,1000,1,100,2000,0,3,2,3,None
0004,0004,None,向日葵I,0004,1000,2,101,1000,0,3,1,3,0005
0005,0005,None,向日葵II,0005,1000,2,101,1500,0,3,2,3,0006
0006,0006,None,向日葵III,0006,1000,2,101,2000,0,3,3,3,None
0011,0011,None,坚果墙,0011,1000,3,103,0,10,2,1,1,None

